identificador,idioma,texto
TXT00483,it,Ho molta fame.
TXT00018,es,Quiero escribir ahora.
TXT00506,es,Me llamo Ana.
TXT00091,pt,Posso trabalhar aqui?
TXT00138,pt,Preciso ligar hoje.
TXT00568,it,Mia sorella vive nel centro della città.
TXT00147,it,Voglio dormire adesso.
TXT00493,it,Quanto costa questo?
TXT00491,es,¿CUÁNTO CUESTA ESTO?
TXT00648,it,Come stai oggi? Buongiorno.
TXT00059,es,Necesito pagar hoy.
TXT00734,fr,Je ne sais pas si je pourrai arriver avant dix heures du soir. Le train arrive à huit heures du matin.
TXT00097,pt,Posso ligar aqui?
TXT00508,it,Mi chiamo Ana.
TXT00361,es,Hola.
TXT00124,pt,Vou ler amanhã.
TXT00271,fr,JE DOIS PAYER AUJOURD'HUI.
TXT00718,it,Arrivederci. Quanto costa questo?
TXT00694,fr,Comment ça va aujourd'hui? Où sont les toilettes?
TXT00075,pt,Enviar.
TXT00281,en,I have to travel this week.
TXT00084,pt,Enviar!!
TXT00213,fr,Payer.
TXT00241,fr,Je dois conduire aujourd'hui.
TXT00693,it,Come stai oggi? Dov'è il bagno?
TXT00357,pt,Olá.
TXT00249,fr,Je veux parler maintenant.
TXT00009,es,Necesito escribir hoy.
TXT00428,it,Come stai oggi?
TXT00216,fr,J'aimerais écrire bientôt!!
TXT00212,fr,Où puis-je manger?
TXT00626,es,No sé si podré llegar antes de las diez de la noche.
TXT00257,fr,Puis-je attendre ici?
TXT00545,en,I don't speak the language well.
TXT00210,it,Viaggiare.
TXT00635,en,I don't know if I can arrive before ten in the evening.
TXT00003,es,Necesito enviar hoy.
TXT00528,it,Fa molto freddo oggi.
TXT00614,fr,J'ai une réunion importante lundi après-midi.
TXT00156,it,Vado a giocare domani.
TXT00649,fr,Comment ça va aujourd'hui? Bonjour.
TXT00034,es,No quiero leer más.
TXT00475,en,I am very hungry.
TXT00371,es,Buenos días.
TXT00011,es,Voy a leer mañana.
TXT00723,it,Quanto costa questo? Fa molto freddo oggi.
TXT00578,it,Ieri sono andato al mercato per comprare frutta fresca.
TXT00153,it,Devo scrivere oggi.
TXT00064,es,¿Dónde puedo reservar?
TXT00382,pt,Obrigado!!
TXT00607,pt,Tenho uma reunião importante na segunda à tarde.
TXT00111,pt,Gostaria de comprar em breve.
TXT00040,es,Conducir.
TXT00014,es,Tengo que trabajar esta semana.
TXT00587,pt,Ontem fui ao mercado para comprar fruta fresca.
TXT00392,pt,Obrigado.
TXT00046,es,¿Puedo enviar aquí?
TXT00150,it,Mi piacerebbe viaggiare presto.
TXT00507,pt,Meu nome é Ana.
TXT00692,pt,Como você está hoje? Onde fica o banheiro?
TXT00529,fr,Il fait très froid aujourd'hui.
TXT00643,it,Buongiorno. Non capisco niente.
TXT00688,it,IL RISTORANTE ALL'ANGOLO È MOLTO BUONO ED ECONOMICO. HO UNA RIUNIONE IMPORTANTE LUNEDÌ POMERIGGIO.
TXT00584,fr,Hier je suis allé au marché pour acheter des fruits frais...
TXT00207,it,Devo viaggiare oggi.
TXT00208,it,Voglio comprare adesso.
TXT00569,fr,Ma sœur habite au centre-ville.
TXT00162,it,Devo pagare questa settimana.
TXT00199,it,Vado a guidare domani.
TXT00697,pt,Bom dia. Quanto custa isto?
TXT00042,es,ME GUSTARÍA VIAJAR PRONTO.
TXT00231,fr,Je ne veux plus jouer.
TXT00299,en,Speak.
TXT00442,pt,Não entendo nada.
TXT00385,en,Thanks.
TXT00372,pt,Bom dia.
TXT00705,en,How much is this? Good morning.
TXT00497,pt,QUANTO CUSTA ISTO?
TXT00592,pt,O restaurante da esquina é muito bom e barato.
TXT00288,en,I would like to call soon!
TXT00606,es,TENGO UNA REUNIÓN IMPORTANTE EL LUNES POR LA TARDE.
TXT00388,it,Grazie.
TXT00002,es,Trabajar.
TXT00108,pt,Quero reservar agora.
TXT00116,pt,Ler.
TXT00167,it,Posso chiamare qui?
TXT00515,en,My name is Ana.
TXT00462,pt,Onde fica o banheiro?...
TXT00179,it,Non voglio studiare più.
TXT00564,fr,Ma sœur habite au centre-ville.
TXT00613,it,Ho una riunione importante lunedì pomeriggio.
TXT00337,en,I want to book now.
TXT00610,en,I have an important meeting on Monday afternoon.
TXT00276,fr,J'aimerais marcher bientôt.
TXT00101,pt,Posso dirigir aqui?
TXT00642,pt,Bom dia. Não entendo nada.
TXT00051,es,Quiero pagar ahora.
TXT00209,it,Posso mangiare qui?
TXT00310,en,I will send tomorrow.
TXT00556,es,El tren llega a las ocho de la mañana.
TXT00151,it,Comprare.
TXT00242,fr,Je dois étudier cette semaine.
TXT00530,en,It is very cold today.
TXT00669,fr,Comment ça va aujourd'hui? Au revoir.
TXT00275,fr,Je veux voyager maintenant.
TXT00085,pt,Quero falar agora.
TXT00110,pt,Comprar.
TXT00401,es,Lo siento.
TXT00129,pt,Não quero ler mais.
TXT00307,en,Where can I send?
TXT00301,en,I will drive tomorrow.
TXT00714,fr,Merci. Bonjour.
TXT00347,en,I would like to play soon.
TXT00490,en,How much is this?
TXT00615,en,I have an important meeting on Monday afternoon.
TXT00033,es,Me gustaría dormir pronto.
TXT00294,en,I would like to cancel soon.
TXT00532,pt,Não falo bem o idioma.
TXT00168,it,Posso viaggiare qui?
TXT00262,fr,J'aimerais lire bientôt.
TXT00416,es,Adiós.
TXT00674,fr,Désolé. Je ne comprends rien.
TXT00699,fr,Bonjour. Combien ça coûte?
TXT00171,it,Chiamare.
TXT00451,es,No entiendo nada.
TXT00057,es,Me gustaría caminar pronto.
TXT00125,pt,Tenho que dormir esta semana.
TXT00344,en,I need to send today.
TXT00464,fr,Où sont les toilettes?
TXT00696,es,Buenos días. ¿Cuánto cuesta esto?
TXT00631,es,No sé si podré llegar antes de las diez de la noche.
TXT00355,en,Hi.
TXT00514,fr,Je m'appelle Ana.
TXT00121,pt,Tenho que cancelar esta semana.
TXT00690,en,The restaurant on the corner is very good and cheap. I have an important meeting on Monday afternoon.
TXT00078,pt,QUERO DIRIGIR AGORA.
TXT00590,en,Yesterday I went to the market to buy fresh fruit.
TXT00096,pt,Não quero enviar mais.
TXT00431,es,¿Cómo estás hoy?
TXT00465,en,Where is the bathroom?
TXT00060,es,Necesito comprar hoy.
TXT00473,it,Ho molta fame.
TXT00618,it,Ho una riunione importante lunedì pomeriggio.
TXT00269,fr,Je dois attendre cette semaine.
TXT00291,en,I WANT TO TRAVEL NOW.
TXT00127,pt,Posso viajar aqui?
TXT00440,en,How are you today?!
TXT00433,it,Come stai oggi?
TXT00261,fr,Je veux payer maintenant.
TXT00191,it,Leggere.
TXT00565,en,My sister lives in the city centre.
TXT00521,es,Hace mucho frío hoy.
TXT00343,en,I have to sleep this week.
TXT00362,pt,Olá.
TXT00346,en,Can I cancel here?
TXT00038,es,No quiero enviar más.
TXT00426,es,¿Cómo estás hoy?
TXT00583,it,Ieri sono andato al mercato per comprare frutta fresca.
TXT00131,pt,Onde posso escrever?
TXT00397,pt,Desculpe.
TXT00333,en,I don't want to drive anymore.
TXT00166,it,Vado a dormire domani.
TXT00402,pt,Desculpe.
TXT00140,pt,Posso caminhar aqui?
TXT00065,es,Necesito cancelar hoy.
TXT00326,en,I don't want to eat anymore.
TXT00695,en,How are you today? Where is the bathroom?
TXT00012,es,¿Puedo dormir aquí?
TXT00380,en,Good morning.
TXT00006,es,Tengo que jugar esta semana.
TXT00638,it,Mia sorella vive nel centro della città. Ho una riunione importante lunedì pomeriggio.
TXT00439,fr,Comment ça va aujourd'hui?
TXT00062,es,¿Puedo esperar aquí?
TXT00443,it,NON CAPISCO NIENTE.
TXT00232,fr,Envoyer.
TXT00021,es,Voy a llamar mañana.
TXT00175,it,Mi piacerebbe parlare presto.
TXT00639,fr,Ma sœur habite au centre-ville. J'ai une réunion importante lundi après-midi.
TXT00302,en,WORK.
TXT00725,en,How much is this? It is very cold today.
TXT00296,en,I don't want to buy anymore.
TXT00139,pt,Posso falar aqui?
TXT00193,it,Dove posso scrivere?
TXT00504,fr,Je m'appelle Ana.
TXT00557,pt,O trem chega às oito da manhã.
TXT00189,it,Posso camminare qui?
TXT00381,es,Gracias.
TXT00687,pt,O restaurante da esquina é muito bom e barato. Tenho uma reunião importante na segunda à tarde.
TXT00468,it,Dov'è il bagno?
TXT00186,it,Posso guidare qui?
TXT00215,fr,J'aimerais payer bientôt.
TXT00007,es,Voy a comer mañana.
TXT00495,en,How much is this?!!
TXT00660,en,My name is Ana. How much is this?
TXT00010,es,Me gustaría reservar pronto.
TXT00390,en,Thanks.
TXT00373,it,Buongiorno.
TXT00211,fr,Je veux marcher maintenant.
TXT00661,es,No entiendo nada. Hace mucho frío hoy!
TXT00447,pt,Não entendo nada.
TXT00634,fr,Je ne sais pas si je pourrai arriver avant dix heures du soir.
TXT00341,en,Where can I buy?
TXT00128,pt,Quero ligar agora.
TXT00087,pt,Não quero dormir mais.
TXT00546,es,EL TREN LLEGA A LAS OCHO DE LA MAÑANA.
TXT00645,en,Good morning. I don't understand anything.
TXT00020,es,Tengo que comprar esta semana.
TXT00548,it,Il treno arriva alle otto del mattino.
TXT00523,it,Fa molto freddo oggi.
TXT00505,en,My name is Ana.
TXT00123,pt,Posso esperar aqui?
TXT00620,en,I have an important meeting on Monday afternoon.
TXT00686,es,El restaurante de la esquina es muy bueno y barato. Tengo una reunión importante el lunes por la tarde.
TXT00092,pt,Onde posso enviar?
TXT00474,fr,J'ai très faim.
TXT00056,es,No quiero comer más.
TXT00575,en,My sister lives in the city centre.
TXT00410,en,Sorry.
TXT00025,es,Necesito viajar hoy.
TXT00032,es,Quiero estudiar ahora.
TXT00412,pt,Tchau.
TXT00717,pt,Tchau. Quanto custa isto?
TXT00486,es,¿Cuánto cuesta esto?
TXT00314,en,I have to book this week.
TXT00541,es,No hablo bien el idioma.
TXT00678,it,Dov'è il bagno? Mia sorella vive nel centro della città.
TXT00449,fr,Je ne comprends rien.
TXT00633,it,Non so se riuscirò ad arrivare prima delle dieci di sera.
TXT00158,it,Devo cancellare questa settimana.
TXT00004,es,Me gustaría hablar pronto.
TXT00701,es,¿Cuánto cuesta esto? Buenos días.
TXT00206,it,Voglio leggere adesso.
TXT00114,pt,Não quero dirigir mais.
TXT00683,it,Ieri sono andato al mercato per comprare frutta fresca. Dov'è il bagno?!!
TXT00165,it,Devo studiare oggi.
TXT00172,it,Dove posso comprare?
TXT00460,en,Where is the bathroom?
TXT00126,pt,Vou pagar amanhã.
TXT00519,fr,Il fait très froid aujourd'hui.
TXT00037,es,¿Dónde puedo conducir?
TXT00658,it,Mi chiamo Ana. Quanto costa questo?
TXT00641,es,Buenos días. No entiendo nada.
TXT00659,fr,Je m'appelle Ana. Combien ça coûte?
TXT00576,es,Ayer fui al mercado para comprar fruta fresca.
TXT00420,en,GOODBYE.
TXT00394,fr,Merci.
TXT00488,it,Quanto costa questo?
TXT00500,en,How much is this?
TXT00155,it,Chiamare.
TXT00348,en,I will buy tomorrow.
TXT00305,en,Wait.
TXT00083,pt,Preciso pagar hoje.
TXT00430,en,How are you today?
TXT00423,it,Arrivederci.
TXT00015,es,¿Dónde puedo enviar?
TXT00572,pt,Minha irmã mora no centro da cidade.
TXT00366,es,Buenos días.
TXT00090,pt,Tenho que escrever esta semana.
TXT00104,pt,Onde posso pagar?
TXT00369,fr,Bonjour.
TXT00581,es,AYER FUI AL MERCADO PARA COMPRAR FRUTA FRESCA.
TXT00549,fr,Le train arrive à huit heures du matin.
TXT00030,es,Voy a esperar mañana.
TXT00268,fr,Je dois manger cette semaine.
TXT00653,it,Non parlo bene la lingua. Quanto costa questo?
TXT00045,es,Necesito jugar hoy.
TXT00001,es,No quiero comprar más.
TXT00513,it,Mi chiamo Ana.
TXT00681,es,Ayer fui al mercado para comprar fruta fresca. ¿Dónde está el baño?
TXT00293,en,WHERE CAN I SPEAK?
TXT00224,fr,Je ne veux plus dormir.
TXT00219,fr,Puis-je appeler ici?
TXT00716,es,Adiós. ¿Cuánto cuesta esto?
TXT00265,fr,Je veux écrire maintenant.
TXT00321,en,I want to send now.
TXT00176,it,Non voglio giocare più.
TXT00707,pt,Como você está hoje? Onde fica o banheiro?
TXT00389,fr,Merci.
TXT00264,fr,Où puis-je voyager?
TXT00563,it,Mia sorella vive nel centro della città.
TXT00673,it,MI DISPIACE. NON CAPISCO NIENTE.
TXT00429,fr,Comment ça va aujourd'hui?
TXT00248,fr,Puis-je lire ici?
TXT00540,en,I don't speak the language well.
TXT00450,en,I DON'T UNDERSTAND ANYTHING.
TXT00181,it,Voglio guidare adesso.
TXT00531,es,No hablo bien el idioma.
TXT00404,fr,Désolé.
TXT00022,es,Escribir.
TXT00187,it,Devo parlare oggi.
TXT00197,it,Devo guidare oggi.
TXT00185,it,Non voglio viaggiare più.
TXT00143,it,Dormire.
TXT00260,fr,Je vais travailler demain.
TXT00453,it,Non capisco niente.
TXT00200,it,Voglio scrivere adesso.
TXT00665,en,I DON'T UNDERSTAND ANYTHING. IT IS VERY COLD TODAY.
TXT00427,pt,Como você está hoje?
TXT00554,fr,Le train arrive à huit heures du matin.
TXT00100,pt,Onde posso jogar?
TXT00163,it,Vado a chiamare domani.
TXT00588,it,Ieri sono andato al mercato per comprare frutta fresca.
TXT00617,pt,Tenho uma reunião importante na segunda à tarde.
TXT00066,es,Leer.
TXT00594,fr,Le restaurant du coin est très bon et pas cher.
TXT00073,pt,Preciso comer hoje.
TXT00478,it,Ho molta fame.
TXT00327,en,I would like to speak soon.
TXT00141,it,Mi piacerebbe dormire presto.
TXT00350,en,Can I call here?
TXT00194,it,Non voglio lavorare più.
TXT00237,fr,Je dois lire aujourd'hui.
TXT00222,fr,Je dois voyager cette semaine.
TXT00230,fr,Je dois marcher cette semaine.
TXT00730,en,I am very hungry. The restaurant on the corner is very good and cheap.
TXT00317,en,Drive.
TXT00028,es,¿Puedo viajar aquí?
TXT00691,es,¿CÓMO ESTÁS HOY? ¿DÓNDE ESTÁ EL BAÑO?
TXT00379,fr,Bonjour.
TXT00454,fr,Je ne comprends rien.
TXT00586,es,Ayer fui al mercado para comprar fruta fresca.
TXT00646,es,¿Cómo estás hoy? Buenos días.
TXT00233,fr,Je dois réserver aujourd'hui.
TXT00650,en,How are you today? Good morning.
TXT00421,es,Adiós.
TXT00651,es,No hablo bien el idioma. ¿Cuánto cuesta esto?
TXT00218,fr,Je ne veux plus conduire.
TXT00558,it,Il treno arriva alle otto del mattino.
TXT00527,pt,Está muito frio hoje.
TXT00184,it,Voglio parlare adesso.
TXT00103,pt,Gostaria de jogar em breve.
TXT00526,es,Hace mucho frío hoy.
TXT00266,fr,Je vais attendre demain.
TXT00675,en,Sorry. I don't understand anything.
TXT00313,en,I would like to walk soon.
TXT00137,pt,Vou esperar amanhã.
TXT00277,fr,Où puis-je étudier?!
TXT00017,es,Tengo que hablar esta semana.
TXT00555,en,The train arrives at eight in the morning.
TXT00574,fr,Ma sœur habite au centre-ville.
TXT00543,it,Non parlo bene la lingua.
TXT00735,en,I don't know if I can arrive before ten in the evening. The train arrives at eight in the morning.
TXT00589,fr,HIER JE SUIS ALLÉ AU MARCHÉ POUR ACHETER DES FRUITS FRAIS.
TXT00283,en,Can I send here?
TXT00255,fr,Je ne veux plus envoyer.
TXT00654,fr,Je ne parle pas bien la langue. Combien ça coûte?
TXT00567,pt,Minha irmã mora no centro da cidade.
TXT00399,fr,Désolé.
TXT00112,pt,Quero viajar agora.
TXT00338,en,I have to wait this week.
TXT00364,fr,Salut.
TXT00711,es,Gracias. Buenos días.
TXT00278,fr,Je veux dormir maintenant.
TXT00029,es,Voy a caminar mañana.
TXT00279,fr,Je dois appeler aujourd'hui.
TXT00292,en,Sleep.
TXT00005,es,¿Puedo cancelar aquí?...
TXT00560,en,The train arrives at eight in the morning.
TXT00413,it,Arrivederci.
TXT00359,fr,Salut.
TXT00245,fr,Je ne veux plus marcher.
TXT00680,en,Where is the bathroom? My sister lives in the city centre.
TXT00159,it,Vado a lavorare domani.
TXT00024,es,¿Puedo llamar aquí?
TXT00316,en,Can I eat here?
TXT00655,en,I don't speak the language well. How much is this?
TXT00395,en,Thanks.
TXT00509,fr,Je m'appelle Ana.
TXT00195,it,Posso inviare qui?
TXT00013,es,¿Dónde puedo viajar?
TXT00628,it,Non so se riuscirò ad arrivare prima delle dieci di sera.
TXT00160,it,Dove posso cancellare?
TXT00331,en,I will study tomorrow.
TXT00611,es,Tengo una reunión importante el lunes por la tarde.
TXT00027,es,Estudiar.
TXT00300,en,Can I write here?
TXT00533,it,Non parlo bene la lingua.
TXT00637,pt,Minha irmã mora no centro da cidade. Tenho uma reunião importante na segunda à tarde.
TXT00386,es,Gracias.
TXT00039,es,No quiero reservar más.
TXT00072,pt,Gostaria de viajar em breve.
TXT00459,fr,Où sont les toilettes?
TXT00627,pt,Não sei se vou conseguir chegar antes das dez da noite.
TXT00026,es,Voy a reservar mañana.
TXT00235,fr,Où puis-je conduire?
TXT00732,pt,Não sei se vou conseguir chegar antes das dez da noite. O trem chega às oito da manhã.
TXT00068,es,¿Dónde puedo hablar?
TXT00644,fr,Bonjour. Je ne comprends rien.
TXT00566,es,Mi hermana vive en el centro de la ciudad.
TXT00713,it,Grazie. Buongiorno.
TXT00466,es,¿Dónde está el baño?
TXT00043,es,Me gustaría estudiar pronto.
TXT00016,es,Voy a trabajar mañana.
TXT00205,it,Devo lavorare questa settimana.
TXT00284,en,Pay.
TXT00710,en,How are you today? Where is the bathroom?
TXT00489,fr,Combien ça coûte?
TXT00217,fr,Je dois parler aujourd'hui.
TXT00323,en,I will play tomorrow.
TXT00407,pt,Desculpe.
TXT00376,es,Buenos días.
TXT00698,it,Buongiorno. Quanto costa questo?
TXT00077,pt,Gostaria de dormir em breve.
TXT00522,pt,Está muito frio hoje.
TXT00196,it,Posso lavorare qui?
TXT00204,it,Devo lavorare oggi.
TXT00492,pt,Quanto custa isto?
TXT00516,es,Hace mucho frío hoy.
TXT00623,it,Non so se riuscirò ad arrivare prima delle dieci di sera.
TXT00289,en,I NEED TO WRITE TODAY.
TXT00668,it,COME STAI OGGI? ARRIVEDERCI.
TXT00254,fr,J'aimerais réserver bientôt.
TXT00133,pt,Posso ler aqui?
TXT00612,pt,Tenho uma reunião importante na segunda à tarde.
TXT00458,it,Dov'è il bagno?
TXT00109,pt,Onde posso trabalhar?
TXT00579,fr,Hier je suis allé au marché pour acheter des fruits frais.
TXT00214,fr,Je vais appeler demain.
TXT00591,es,El restaurante de la esquina es muy bueno y barato.
TXT00619,fr,J'ai une réunion importante lundi après-midi.
TXT00079,pt,Tenho que comer esta semana.
TXT00384,fr,Merci.
TXT00470,en,Where is the bathroom?
TXT00720,en,Goodbye. How much is this?
TXT00469,fr,Où sont les toilettes?
TXT00250,fr,Je ne veux plus attendre.
TXT00476,es,Tengo mucha hambre.
TXT00518,it,Fa molto freddo oggi.
TXT00538,it,Non parlo bene la lingua!
TXT00417,pt,Tchau.
TXT00708,it,COME STAI OGGI? DOV'È IL BAGNO?
TXT00120,pt,Gostaria de ligar em breve.
TXT00226,fr,Je vais dormir demain.
TXT00461,es,¿Dónde está el baño?
TXT00287,en,I would like to travel soon.
TXT00400,en,Sorry.
TXT00118,pt,Posso enviar aqui?
TXT00684,fr,Hier je suis allé au marché pour acheter des fruits frais. Où sont les toilettes?
TXT00374,fr,Bonjour.
TXT00315,en,Cancel.
TXT00019,es,Quiero enviar ahora.
TXT00170,it,Non voglio prenotare più.
TXT00054,es,Quiero reservar ahora.
TXT00252,fr,J'aimerais étudier bientôt.
TXT00553,it,Il treno arriva alle otto del mattino.
TXT00510,en,My name is Ana.
TXT00368,it,Buongiorno.
TXT00452,pt,Não entendo nada.
TXT00251,fr,Je dois écrire aujourd'hui.
TXT00636,es,Mi hermana vive en el centro de la ciudad. Tengo una reunión importante el lunes por la tarde.
TXT00312,en,I have to send this week.
TXT00351,es,Hola.
TXT00119,pt,Vou reservar amanhã.
TXT00061,es,No quiero cancelar más.
TXT00672,pt,Desculpe. Não entendo nada.
TXT00456,es,¿Dónde está el baño?
TXT00682,pt,Ontem fui ao mercado para comprar fruta fresca. Onde fica o banheiro?
TXT00106,pt,Gostaria de estudar em breve.
TXT00405,en,Sorry.
TXT00434,fr,Comment ça va aujourd'hui?
TXT00320,en,CAN I BUY HERE?
TXT00192,it,Mi piacerebbe chiamare presto.
TXT00055,es,Voy a estudiar mañana.
TXT00246,fr,Je dois écrire cette semaine.
TXT00664,fr,Je ne comprends rien. Il fait très froid aujourd'hui.
TXT00093,pt,Não quero escrever mais.
TXT00353,it,Ciao.
TXT00600,en,The restaurant on the corner is very good and cheap.
TXT00107,pt,Quero enviar agora.
TXT00052,es,¿Dónde puedo cancelar?
TXT00712,pt,Obrigado. Bom dia.
TXT00601,es,El restaurante de la esquina es muy bueno y barato.
TXT00023,es,Quiero dormir ahora.
TXT00286,en,I would like to read soon.
TXT00263,fr,Où puis-je marcher?
TXT00047,es,¿Puedo trabajar aquí?
TXT00349,en,I don't want to study anymore.
TXT00662,pt,Não entendo nada. Está muito frio hoje.
TXT00719,fr,Au revoir. Combien ça coûte?
TXT00334,en,Can I drive here?
TXT00304,en,I will walk tomorrow.
TXT00721,es,¿Cuánto cuesta esto? Hace mucho frío hoy.
TXT00339,en,I need to eat today.
TXT00597,pt,O restaurante da esquina é muito bom e barato.
TXT00225,fr,Je vais annuler demain.
TXT00393,it,Grazie.
TXT00608,it,Ho una riunione importante lunedì pomeriggio.
TXT00689,fr,Le restaurant du coin est très bon et pas cher. J'ai une réunion importante lundi après-midi.
TXT00524,fr,Il fait très froid aujourd'hui.
TXT00352,pt,Olá.
TXT00670,en,How are you today? Goodbye.
TXT00098,pt,Onde posso falar?
TXT00069,es,Quiero caminar ahora.
TXT00256,fr,J'aimerais conduire bientôt.
TXT00622,pt,Não sei se vou conseguir chegar antes das dez da noite.
TXT00477,pt,Estou com muita fome.
TXT00309,en,Where can I read?
TXT00445,en,I don't understand anything.
TXT00356,es,Hola.
TXT00729,fr,J'ai très faim. Le restaurant du coin est très bon et pas cher.
TXT00236,fr,Puis-je annuler ici?
TXT00570,en,My sister lives in the city centre.
TXT00422,pt,Tchau.
TXT00295,en,Can I wait here?
TXT00414,fr,Au revoir.
TXT00044,es,Quiero leer ahora.
TXT00188,it,Dove posso lavorare?
TXT00273,fr,Je ne veux plus annuler.
TXT00201,it,Parlare.
TXT00552,pt,O trem chega às oito da manhã.
TXT00297,en,Cancel.
TXT00501,es,Me llamo Ana.
TXT00067,es,¿Puedo conducir aquí?
TXT00703,it,QUANTO COSTA QUESTO? BUONGIORNO.
TXT00089,pt,Tenho que estudar esta semana.
TXT00551,es,El tren llega a las ocho de la mañana.
TXT00221,fr,Puis-je payer ici?
TXT00603,it,Il ristorante all'angolo è molto buono ed economico.
TXT00272,fr,Je ne veux plus voyager.
TXT00164,it,Non voglio pagare più.
TXT00616,es,Tengo una reunión importante el lunes por la tarde.
TXT00676,es,¿Dónde está el baño? Mi hermana vive en el centro de la ciudad.
TXT00134,pt,Tenho que pagar esta semana.
TXT00512,pt,Meu nome é Ana.
TXT00709,fr,Comment ça va aujourd'hui? Où sont les toilettes?
TXT00647,pt,Como você está hoje? Bom dia.
TXT00571,es,Mi hermana vive en el centro de la ciudad.
TXT00585,en,YESTERDAY I WENT TO THE MARKET TO BUY FRESH FRUIT.
TXT00340,en,I will wait tomorrow.
TXT00149,it,Non voglio aspettare più.
TXT00240,fr,Je ne veux plus parler.
TXT00198,it,Voglio inviare adesso.
TXT00484,fr,J'ai très faim.
TXT00582,pt,Ontem fui ao mercado para comprar fruta fresca.
TXT00656,es,Me llamo Ana. ¿Cuánto cuesta esto?
TXT00511,es,Me llamo Ana.
TXT00322,en,Where can I sleep?
TXT00609,fr,J'AI UNE RÉUNION IMPORTANTE LUNDI APRÈS-MIDI.
TXT00290,en,I need to wait today.
TXT00599,fr,Le restaurant du coin est très bon et pas cher.
TXT00598,it,Il ristorante all'angolo è molto buono ed economico.
TXT00063,es,Tengo que comer esta semana.
TXT00190,it,Posso prenotare qui?
TXT00183,it,Devo parlare questa settimana.
TXT00330,en,I would like to buy soon.
TXT00496,es,¿Cuánto cuesta esto?
TXT00335,en,Where can I write?
TXT00604,fr,Le restaurant du coin est très bon et pas cher.
TXT00463,it,Dov'è il bagno?
TXT00102,pt,Gostaria de falar em breve.
TXT00419,fr,Au revoir.
TXT00624,fr,Je ne sais pas si je pourrai arriver avant dix heures du soir.
TXT00148,it,Posso studiare qui?
TXT00724,fr,Combien ça coûte? Il fait très froid aujourd'hui.
TXT00161,it,Camminare.
TXT00328,en,I don't want to play anymore.
TXT00239,fr,Je ne veux plus lire.
TXT00360,en,Hi.
TXT00031,es,Hablar.
TXT00733,it,Non so se riuscirò ad arrivare prima delle dieci di sera. Il treno arriva alle otto del mattino...
TXT00387,pt,Obrigado...
TXT00621,es,NO SÉ SI PODRÉ LLEGAR ANTES DE LAS DIEZ DE LA NOCHE.
TXT00432,pt,Como você está hoje?
TXT00267,fr,Je vais réserver demain.
TXT00629,fr,JE NE SAIS PAS SI JE POURRAI ARRIVER AVANT DIX HEURES DU SOIR.
TXT00573,it,MIA SORELLA VIVE NEL CENTRO DELLA CITTÀ.
TXT00520,en,It is very cold today...
TXT00700,en,Good morning. How much is this?
TXT00640,en,My sister lives in the city centre. I have an important meeting on Monday afternoon.
TXT00036,es,Voy a comprar mañana.
TXT00306,en,I need to pay today.
TXT00534,fr,Je ne parle pas bien la langue.
TXT00499,fr,Combien ça coûte?...
TXT00396,es,Lo siento.
TXT00319,en,Where can I book?
TXT00050,es,¿Dónde puedo estudiar?
TXT00547,pt,O trem chega às oito da manhã.
TXT00482,pt,Estou com muita fome.
TXT00258,fr,Je dois voyager aujourd'hui.
TXT00253,fr,Parler.
TXT00117,pt,Quero comer agora.
TXT00502,pt,Meu nome é Ana.
TXT00259,fr,J'aimerais annuler bientôt.
TXT00562,pt,Minha irmã mora no centro da cidade.
TXT00472,pt,Estou com muita fome.
TXT00152,it,VOGLIO CAMMINARE ADESSO.
TXT00095,pt,Onde posso cancelar?
TXT00282,en,I have to call this week.
TXT00715,en,Thanks. Good morning...
TXT00227,fr,J'aimerais appeler bientôt.
TXT00157,it,VADO A LEGGERE DOMANI.
TXT00202,it,Vado a pagare domani.
TXT00041,es,Quiero cancelar ahora.
TXT00174,it,Dormire.
TXT00409,fr,Désolé.
TXT00049,es,Voy a escribir mañana.
TXT00377,pt,Bom dia.
TXT00727,pt,Estou com muita fome. O restaurante da esquina é muito bom e barato.
TXT00671,es,Lo siento. No entiendo nada.
TXT00354,fr,SALUT.
TXT00099,pt,Vou dirigir amanhã.
TXT00223,fr,Attendre.
TXT00345,en,CAN I PAY HERE?
TXT00053,es,Necesito leer hoy.
TXT00593,it,Il ristorante all'angolo è molto buono ed economico.
TXT00378,it,Buongiorno.
TXT00595,en,The restaurant on the corner is very good and cheap.
TXT00415,en,Goodbye.
TXT00115,pt,Gostaria de escrever em breve.
TXT00706,es,¿Cómo estás hoy? ¿Dónde está el baño?
TXT00154,it,Dove posso chiamare?
TXT00480,en,I am very hungry.
TXT00244,fr,Je vais étudier demain.
TXT00667,pt,Como você está hoje? Tchau.
TXT00398,it,Mi dispiace!!
TXT00455,en,I don't understand anything!
TXT00437,pt,Como você está hoje?
TXT00446,es,NO ENTIENDO NADA.
TXT00008,es,ME GUSTARÍA PAGAR PRONTO.
TXT00146,it,Posso leggere qui?
TXT00441,es,No entiendo nada.
TXT00728,it,Ho molta fame. Il ristorante all'angolo è molto buono ed economico.
TXT00494,fr,Combien ça coûte?
TXT00438,it,Come stai oggi?
TXT00144,it,Mangiare.
TXT00679,fr,Où sont les toilettes? Ma sœur habite au centre-ville.
TXT00135,pt,Preciso escrever hoje.
TXT00142,it,PRENOTARE.
TXT00220,fr,Je vais conduire demain.
TXT00094,pt,Quero jogar agora.
TXT00071,pt,Esperar.
TXT00298,en,I don't want to write anymore!!
TXT00076,pt,Preciso caminhar hoje.
TXT00247,fr,Je veux lire maintenant.
TXT00666,es,¿Cómo estás hoy? Adiós.
TXT00367,pt,Bom dia.
TXT00074,pt,Quero escrever agora.
TXT00169,it,Vado a scrivere domani.
TXT00122,pt,Posso estudar aqui?
TXT00411,es,Adiós.
TXT00177,it,Non voglio parlare più.
TXT00145,it,Dove posso aspettare?
TXT00561,es,Mi hermana vive en el centro de la ciudad!!
TXT00537,pt,Não falo bem o idioma.
TXT00370,en,Good morning.
TXT00467,pt,Onde fica o banheiro?
TXT00471,es,Tengo mucha hambre.
TXT00375,en,GOOD MORNING.
TXT00182,it,Voglio pagare adesso.
TXT00081,pt,Jogar.
TXT00274,fr,Je veux acheter maintenant.
TXT00485,en,I AM VERY HUNGRY.
TXT00657,pt,Meu nome é Ana. Quanto custa isto?
TXT00602,pt,O restaurante da esquina é muito bom e barato.
TXT00722,pt,Quanto custa isto? Está muito frio hoje.
TXT00726,es,Tengo mucha hambre. El restaurante de la esquina es muy bueno y barato.
TXT00525,en,It is very cold today.
TXT00605,en,The restaurant on the corner is very good and cheap.
TXT00498,it,Quanto costa questo?!
TXT00418,it,Arrivederci.
TXT00652,pt,Não falo bem o idioma. Quanto custa isto?
TXT00203,it,Vado a parlare domani.
TXT00080,pt,Preciso estudar hoje.
TXT00481,es,Tengo mucha hambre.
TXT00325,en,I want to walk now.
TXT00487,pt,Quanto custa isto?
TXT00544,fr,Je ne parle pas bien la langue.
TXT00580,en,Yesterday I went to the market to buy fresh fruit.
TXT00702,pt,Quanto custa isto? Bom dia.
TXT00479,fr,J'ai très faim.
TXT00308,en,Where can I call?
TXT00132,pt,Vou cancelar amanhã.
TXT00425,en,Goodbye.
TXT00596,es,El restaurante de la esquina es muy bueno y barato.
TXT00448,it,Non capisco niente.
TXT00365,en,Hi.
TXT00517,pt,Está muito frio hoje.
TXT00542,pt,Não falo bem o idioma.
TXT00403,it,Mi dispiace.
TXT00280,fr,Puis-je travailler ici?
TXT00303,en,Can I study here?
TXT00113,pt,Vou escrever amanhã.
TXT00731,es,No sé si podré llegar antes de las diez de la noche. El tren llega a las ocho de la mañana.
TXT00136,pt,Preciso enviar hoje.
TXT00229,fr,Je ne veux plus réserver.
TXT00358,it,Ciao.
TXT00228,fr,Travailler.
TXT00704,fr,Combien ça coûte? Bonjour.
TXT00559,fr,Le train arrive à huit heures du matin.
TXT00685,en,Yesterday I went to the market to buy fresh fruit. Where is the bathroom?...
TXT00535,en,I don't speak the language well.
TXT00363,it,Ciao.
TXT00632,pt,Não sei se vou conseguir chegar antes das dez da noite.
TXT00332,en,I have to play this week.
TXT00435,en,How are you today?
TXT00173,it,Non voglio camminare più.
TXT00663,it,Non capisco niente. Fa molto freddo oggi.
TXT00336,en,Where can I eat?
TXT00285,en,I need to work today.
TXT00105,pt,Preciso esperar hoje.
TXT00270,fr,Puis-je envoyer ici?
TXT00324,en,I have to buy this week.
TXT00048,es,No quiero viajar más.
TXT00383,it,Grazie.
TXT00406,es,Lo siento.
TXT00130,pt,Comprar.
TXT00082,pt,Onde posso reservar?
TXT00318,en,I will sleep tomorrow.
TXT00342,en,I would like to sleep soon.
TXT00180,it,Dove posso giocare?
TXT00424,fr,Au revoir.
TXT00536,es,No hablo bien el idioma.
TXT00086,pt,Não quero caminhar mais.
TXT00329,en,I will pay tomorrow.
TXT00088,pt,Pagar.
TXT00539,fr,Je ne parle pas bien la langue.
TXT00550,en,The train arrives at eight in the morning.
TXT00178,it,Dove posso guidare?
TXT00630,en,I don't know if I can arrive before ten in the evening.
TXT00391,es,Gracias.
TXT00234,fr,Je dois annuler aujourd'hui.
TXT00238,fr,Je vais lire demain!!
TXT00577,pt,Ontem fui ao mercado para comprar fruta fresca.
TXT00243,fr,Je vais acheter demain.
TXT00035,es,Leer.
TXT00503,it,Mi chiamo Ana.
TXT00677,pt,Onde fica o banheiro? Minha irmã mora no centro da cidade.
TXT00070,es,Comer.
TXT00436,es,¿Cómo estás hoy?!
TXT00408,it,Mi dispiace.
TXT00457,pt,Onde fica o banheiro?
TXT00625,en,I don't know if I can arrive before ten in the evening.
TXT00058,es,Necesito hablar hoy.
TXT00444,fr,Je ne comprends rien.
TXT00311,en,I need to read today!!
